timestamp,j1,j2,j3,j4,j5,j6
1745999999886,-3.96236,-3.96222,-3.96236,-3.964,-3.96243,-3.96228
1745999999890,-3.96245,-3.96234,-3.96227,-3.96366,-3.9624,-3.9625
1745999999895,-3.96228,-3.96234,-3.96236,-3.96366,-3.9624,-3.96225
1745999999902,-3.96219,-3.96222,-3.96218,-3.96366,-3.96227,-3.96243
1745999999907,-3.96228,-3.96222,-3.96227,-3.964,-3.96229,-3.96246
1745999999913,-3.96236,-3.96222,-3.96227,-3.96366,-3.9624,-3.9625
1745999999919,-3.96228,-3.96222,-3.96218,-3.96366,-3.9624,-3.9625
1745999999921,-3.96228,-3.96222,-3.96218,-3.96366,-3.9624,-3.9625
1745999999930,-3.96228,-3.96234,-3.96236,-3.96366,-3.96227,-3.96218
1745999999935,-3.96228,-3.96222,-3.96227,-3.964,-3.96243,-3.96265
1745999999940,-3.96228,-3.96234,-3.96227,-3.96366,-3.9624,-3.9625
1745999999947,-3.96228,-3.96234,-3.96227,-3.96366,-3.96227,-3.96243
1745999999950,-3.96219,-3.96234,-3.96227,-3.96366,-3.9624,-3.9625
1745999999957,-3.96219,-3.96234,-3.96227,-3.96366,-3.9624,-3.9625
1745999999963,-3.96236,-3.96234,-3.96236,-3.96366,-3.9624,-3.9625
1745999999965,-3.96236,-3.96234,-3.96236,-3.96366,-3.9624,-3.9625
1745999999974,-3.96219,-3.96234,-3.96227,-3.96366,-3.96227,-3.96193
1745999999979,-3.96219,-3.96222,-3.96227,-3.964,-3.96243,-3.96253
1745999999985,-3.96228,-3.96222,-3.96227,-3.96366,-3.96227,-3.96218
1745999999992,-3.96228,-3.96234,-3.96227,-3.96366,-3.9624,-3.96225
1745999999995,-3.96219,-3.96222,-3.96227,-3.96366,-3.9624,-3.96225
1746000000002,-3.96228,-3.96222,-3.96227,-3.96366,-3.9624,-3.9625
1746000000009,-3.96228,-3.96234,-3.96236,-3.96366,-3.9624,-3.96262
1746000000011,-3.96219,-3.96222,-3.96218,-3.96366,-3.9624,-3.96262
1746000000020,-3.96228,-3.96234,-3.96227,-3.96366,-3.96227,-3.96243
1746000000024,-3.96219,-3.96222,-3.96227,-3.96366,-3.9624,-3.9625
1746000000030,-3.96219,-3.96234,-3.96227,-3.96366,-3.96227,-3.96256
1746000000037,-3.96228,-3.96234,-3.96227,-3.964,-3.96229,-3.96246
1746000000040,-3.96219,-3.96234,-3.96227,-3.96366,-3.9624,-3.9625
1746000000047,-3.96228,-3.96234,-3.96227,-3.96366,-3.9624,-3.9625
1746000000054,-3.96219,-3.96234,-3.96227,-3.96366,-3.9624,-3.9625
1746000000056,-3.96228,-3.96234,-3.96227,-3.96366,-3.9624,-3.96225
1746000000065,-3.96228,-3.96234,-3.96227,-3.964,-3.96243,-3.96265
1746000000088,-3.96228,-3.96234,-3.96227,-3.96366,-3.96227,-3.96243
1746000000093,-3.96245,-3.96222,-3.96227,-3.96366,-3.9624,-3.9625
1746000000118,-3.96043,-3.95909,-3.96149,-3.96446,-3.96199,-3.96208
1746000000121,-3.95859,-3.95636,-3.96083,-3.96423,-3.96058,-3.96074
1746000000129,-3.95072,-3.94036,-3.9549,-3.96423,-3.95906,-3.95823
1746000000150,-3.87782,-3.84349,-3.87211,-3.96103,-3.92161,-3.91727
1746000000153,-3.85542,-3.8232,-3.84687,-3.95863,-3.90186,-3.89605
1746000000181,-3.63762,-3.63379,-3.6465,-3.75252,-3.65725,-3.65239
1746000000186,-3.59796,-3.59518,-3.60713,-3.7112,-3.61704,-3.61292
1746000000191,-3.55724,-3.55544,-3.56615,-3.66817,-3.57657,-3.57425
1746000000220,-3.27378,-3.27397,-3.27968,-3.37875,-3.28757,-3.28564
1746000000222,-3.2321,-3.23331,-3.23962,-3.33813,-3.24648,-3.24415
1746000000230,-3.14826,-3.15227,-3.15831,-3.25069,-3.16485,-3.16203
1746000000252,-2.94477,-2.94831,-2.95018,-3.02296,-2.95734,-2.95042
1746000000254,-2.90419,-2.90725,-2.91011,-2.97936,-2.91604,-2.90831
1746000000282,-2.61673,-2.61892,-2.62281,-2.67014,-2.62687,-2.61708
1746000000287,-2.57597,-2.57762,-2.58183,-2.62573,-2.58577,-2.57766
1746000000292,-2.53574,-2.53644,-2.54076,-2.58282,-2.54451,-2.53623
1746000000317,-2.289,-2.29177,-2.29584,-2.31606,-2.29709,-2.2969
1746000000319,-2.24846,-2.25099,-2.25446,-2.27268,-2.25574,-2.2554
1746000000327,-2.16751,-2.16928,-2.17307,-2.19028,-2.17321,-2.17318
1746000000333,-2.08613,-2.08748,-2.09133,-2.11018,-2.09131,-2.09176
1746000000356,-1.87953,-1.88179,-1.88525,-1.89709,-1.88653,-1.88043
1746000000359,-1.83859,-1.84073,-1.84466,-1.8536,-1.84536,-1.83902
1746000000366,-1.79784,-1.79935,-1.80267,-1.81263,-1.80431,-1.79616
1746000000390,-1.51213,-1.51226,-1.51603,-1.52985,-1.51812,-1.50363
1746000000393,-1.51213,-1.51226,-1.51603,-1.52985,-1.51812,-1.50363
1746000000419,-1.22463,-1.22582,-1.22864,-1.24249,-1.23146,-1.22627
1746000000424,-1.18374,-1.18472,-1.18683,-1.20094,-1.19057,-1.18708
1746000000429,-1.14276,-1.14402,-1.1465,-1.15837,-1.14907,-1.14829
1746000000454,-0.857194,-0.856773,-0.859157,-0.865288,-0.861666,-0.867919
1746000000456,-0.857194,-0.856773,-0.859157,-0.865288,-0.861666,-0.867919
1746000000484,-0.569471,-0.569445,-0.571899,-0.562821,-0.573714,-0.577235
1746000000489,-0.528274,-0.528466,-0.531616,-0.520134,-0.532275,-0.534974
1746000000513,-0.283418,-0.283319,-0.286342,-0.275688,-0.287139,-0.282693
1746000000516,-0.242704,-0.24222,-0.244533,-0.236778,-0.246305,-0.241656
1746000000543,0.0447987,0.045068,0.0421143,0.0480651,0.0402367,0.0377842
1746000000548,0.0855568,0.0860061,0.0831386,0.0873183,0.0811618,0.0766353
1746000000551,0.126403,0.127105,0.124861,0.12577,0.122427,0.11537
1746000000581,0.412237,0.413792,0.410244,0.402031,0.407816,0.393969
1746000000584,0.453522,0.45493,0.451835,0.438881,0.448368,0.43602
1746000000589,0.494895,0.495748,0.493077,0.478134,0.488895,0.478417
1746000000612,0.74098,0.741056,0.738133,0.733337,0.735142,0.732867
1746000000615,0.78187,0.781593,0.778634,0.773163,0.776241,0.774328
1746000000642,1.02655,1.02714,1.02395,1.01978,1.0226,1.02857
1746000000648,1.10842,1.10966,1.10574,1.10264,1.1037,1.10971
1746000000673,1.35468,1.35537,1.35197,1.35658,1.35092,1.34874
1746000000675,1.35468,1.35537,1.35197,1.35658,1.35092,1.34874
1746000000684,1.43646,1.43748,1.43424,1.44207,1.43301,1.42588
1746000000706,1.6814,1.68267,1.67956,1.67862,1.67731,1.66789
1746000000712,1.72242,1.72337,1.71967,1.71913,1.71832,1.71034
1746000000720,1.80464,1.80541,1.80228,1.80542,1.8006,1.79448
1746000000741,2.05099,2.05136,2.04782,2.05433,2.04639,2.05478
1746000000743,2.05099,2.05136,2.04782,2.05433,2.04639,2.05478
1746000000768,2.33705,2.338,2.33368,2.33013,2.33281,2.34773
1746000000773,2.37807,2.37914,2.37527,2.37213,2.3738,2.38787
1746000000800,2.62433,2.62477,2.62116,2.62081,2.62044,2.62611
1746000000802,2.665,2.66563,2.66113,2.66235,2.66107,2.66429
1746000000809,2.7463,2.74762,2.74379,2.74693,2.74309,2.74398
1746000000831,2.95088,2.95232,2.948,2.95097,2.94762,2.94628
1746000000834,2.99159,2.99341,2.98941,2.99103,2.9886,2.98857
1746000000843,3.07416,3.07517,3.07129,3.07617,3.07007,3.07
1746000000863,3.2787,3.2797,3.27584,3.28857,3.27566,3.27871
1746000000867,3.32003,3.32076,3.31752,3.32954,3.31685,3.32176
1746000000876,3.40203,3.40239,3.39866,3.41045,3.39894,3.40793
1746000000878,3.44287,3.44325,3.4402,3.44948,3.43905,3.44986
1746000000903,3.68839,3.68892,3.68609,3.69724,3.68569,3.69306
1746000000909,3.72928,3.72998,3.72628,3.73856,3.72663,3.73288
1746000000934,3.97523,3.97569,3.97221,3.97671,3.97038,3.95809
1746000000955,4.22031,4.22079,4.21753,4.20433,4.21502,4.2
1746000000958,4.22031,4.22079,4.21753,4.20433,4.21502,4.2
1746000000983,4.5072,4.50756,4.50466,4.49718,4.50281,4.49666
1746000000986,4.54817,4.5489,4.54533,4.53861,4.54383,4.53915
1746000000994,4.58924,4.5896,4.58562,4.57935,4.58459,4.58236
1746000001015,4.83453,4.83539,4.83141,4.81968,4.83036,4.83752
1746000001017,4.83453,4.83539,4.83141,4.81968,4.83036,4.83752
1746000001042,5.12103,5.12199,5.11845,5.12386,5.11757,5.11967
1746000001047,5.12103,5.12199,5.11845,5.12386,5.11757,5.11967
1746000001072,5.40765,5.4084,5.40418,5.41317,5.40391,5.39496
1746000001076,5.44885,5.44914,5.44551,5.45231,5.44483,5.43543
1746000001081,5.49,5.49036,5.48676,5.49133,5.48587,5.47607
1746000001088,5.57121,5.57211,5.56854,5.57339,5.56738,5.55951
1746000001092,5.61197,5.61313,5.60957,5.61756,5.60872,5.60267
1746000001120,5.89886,5.89958,5.89569,5.90115,5.89504,5.89967
1746000001144,6.14424,6.14533,6.14105,6.13815,6.14077,6.1509
1746000001147,6.14424,6.14533,6.14105,6.13815,6.14077,6.1509
1746000001174,6.43135,6.4325,6.42866,6.42918,6.42676,6.42711
1746000001178,6.47241,6.47327,6.46877,6.47083,6.46786,6.46703
1746000001184,6.5133,6.51417,6.51005,6.51146,6.50922,6.50703
1746000001210,6.79949,6.8003,6.79701,6.79928,6.79584,6.79539
1746000001213,6.84051,6.84127,6.83698,6.84185,6.83701,6.83775
1746000001220,6.88157,6.88213,6.87858,6.88385,6.8782,6.88111
1746000001244,7.16811,7.16898,7.16496,7.17831,7.1659,7.17917
1746000001248,7.16811,7.16898,7.16496,7.17831,7.1659,7.17917
1746000001275,7.4546,7.45575,7.45122,7.46006,7.45182,7.46814
1746000001298,7.70047,7.7013,7.69719,7.70142,7.69746,7.69569
1746000001300,7.74118,7.74231,7.73856,7.74078,7.7378,7.73451
1746000001304,7.78221,7.78305,7.77893,7.77878,7.77837,7.77362
1746000001330,8.0275,8.02864,8.02468,8.01212,8.02383,8.0167
1746000001333,8.06879,8.06942,8.06593,8.05241,8.06469,8.05993
1746000001357,8.31439,8.31533,8.31186,8.30269,8.31118,8.31191
1746000001363,8.35554,8.35627,8.35279,8.34526,8.35195,8.3537
1746000001370,8.39648,8.3972,8.39295,8.3876,8.3931,8.39705
1746000001392,8.64195,8.64267,8.63857,8.63674,8.63804,8.6462
1746000001394,8.68284,8.68353,8.68016,8.68195,8.6792,8.68806
1746000001399,8.72364,8.72471,8.72049,8.72692,8.72054,8.72925
1746000001424,8.96955,8.97054,8.96654,8.98052,8.96601,8.96489
1746000001427,9.01039,9.01152,9.00735,9.02046,9.00711,9.00424
1746000001434,9.09231,9.09355,9.08927,9.10194,9.08971,9.08407
1746000001456,9.29706,9.2982,9.29448,9.30657,9.29375,9.2879
1746000001461,9.33813,9.3391,9.3345,9.34765,9.335,9.32925
1746000001487,9.62444,9.62495,9.62158,9.63135,9.62219,9.62494
1746000001492,9.66454,9.66528,9.66213,9.6698,9.66226,9.66757
1746000001497,9.7039,9.7049,9.70184,9.70665,9.70255,9.70949
1746000001522,9.89701,9.88874,9.91006,9.94457,9.94628,9.95703
1746000001524,9.89701,9.88874,9.91006,9.94457,9.94628,9.95703
1746000001552,9.86719,9.86075,9.87344,9.96666,9.92261,9.92909
1746000001556,9.84545,9.8411,9.8499,9.95247,9.89345,9.90013
1746000001560,9.81989,9.81841,9.82383,9.92684,9.86035,9.86718
1746000001587,9.57077,9.57418,9.57088,9.66923,9.58765,9.59741
1746000001592,9.53129,9.53377,9.53007,9.627,9.54638,9.55712
1746000001597,9.49141,9.49255,9.48927,9.58511,9.50599,9.51642
1746000001622,9.24822,9.23838,9.24652,9.33655,9.26089,9.27421
1746000001625,9.20738,9.19736,9.20672,9.29604,9.22014,9.23414
1746000001653,8.92317,8.92326,8.92626,9.00227,8.93388,8.9447
1746000001657,8.88329,8.88365,8.88694,8.96049,8.8931,8.90144
1746000001661,8.84341,8.84411,8.84744,8.91655,8.85197,8.85865
1746000001688,8.55683,8.56152,8.56088,8.61031,8.56401,8.56754
1746000001693,8.51638,8.52022,8.52094,8.57002,8.52394,8.52757
1746000001696,8.47558,8.47804,8.48071,8.52848,8.48311,8.48754
1746000001723,8.19453,8.18513,8.19244,8.21228,8.19543,8.20598
1746000001725,8.19453,8.18513,8.19244,8.21228,8.19543,8.20598
1746000001754,7.90716,7.90683,7.91098,7.91874,7.90912,7.92588
1746000001758,7.86601,7.86689,7.86983,7.87651,7.86851,7.88643
1746000001762,7.82507,7.82704,7.82811,7.83199,7.82754,7.84594
1746000001789,7.54236,7.54284,7.54573,7.54372,7.5422,7.5511
1746000001794,7.50208,7.50033,7.50445,7.50206,7.50183,7.50904
1746000001799,7.46141,7.45803,7.4629,7.46098,7.46144,7.467
1746000001824,7.17562,7.1693,7.17651,7.18666,7.17792,7.18131
1746000001826,7.17562,7.1693,7.17651,7.18666,7.17792,7.18131
1746000001855,6.89225,6.89115,6.89353,6.89632,6.89409,6.90098
1746000001859,6.8518,6.85158,6.85333,6.8549,6.85315,6.86115
1746000001863,6.8113,6.81156,6.8134,6.81335,6.81185,6.82089
1746000001890,6.52547,6.52299,6.52693,6.51924,6.52789,6.53957
1746000001894,6.48502,6.48125,6.48669,6.47724,6.4871,6.49691
1746000001900,6.44439,6.44003,6.44553,6.43547,6.44619,6.45271
1746000001924,6.20195,6.19517,6.20183,6.18725,6.20231,6.20113
1746000001926,6.16146,6.15563,6.1608,6.14777,6.16236,6.16214
1746000001956,5.87606,5.87604,5.8786,5.87036,5.87921,5.874
1746000001960,5.83544,5.8355,5.83736,5.83019,5.83829,5.83311
1746000001964,5.79463,5.79473,5.79638,5.78957,5.79766,5.79284
1746000001992,5.51161,5.50668,5.51248,5.51903,5.51428,5.51251
1746000001996,5.47094,5.4655,5.4708,5.48161,5.47375,5.47394
1746000002002,5.43036,5.42468,5.43043,5.44441,5.43317,5.43299
1746000002026,5.14549,5.14268,5.14714,5.15945,5.14914,5.14606
1746000002028,5.14549,5.14268,5.14714,5.15945,5.14914,5.14606
1746000002056,4.86247,4.86013,4.86333,4.87118,4.86434,4.85697
1746000002060,4.82189,4.81935,4.82282,4.83124,4.82423,4.81837
1746000002064,4.78113,4.77833,4.78224,4.79073,4.78414,4.77888
1746000002072,4.69948,4.69601,4.70071,4.7049,4.70256,4.70273
1746000002076,4.65885,4.65484,4.66008,4.66003,4.66143,4.66389
1746000002101,4.41536,4.41061,4.4162,4.40208,4.41644,4.41819
1746000002105,4.37521,4.37023,4.37526,4.36192,4.37638,4.37785
1746000002115,4.29423,4.28996,4.29461,4.28135,4.29491,4.29763
1746000002136,4.0506,4.04822,4.05173,4.03759,4.05142,4.06043
1746000002138,4.0506,4.04822,4.05173,4.03759,4.05142,4.06043
1746000002163,3.76643,3.76218,3.76722,3.75755,3.76801,3.77316
1746000002167,3.76643,3.76218,3.76722,3.75755,3.76801,3.77316
1746000002193,3.4828,3.47793,3.48389,3.48873,3.48502,3.48462
1746000002196,3.44213,3.43748,3.44264,3.44845,3.44481,3.44583
1746000002201,3.4015,3.39714,3.40241,3.40816,3.40428,3.40663
1746000002228,3.15787,3.15556,3.16001,3.158,3.16005,3.16665
1746000002230,3.11738,3.11507,3.12003,3.11577,3.11898,3.12609
1746000002237,3.0367,3.03363,3.03842,3.03841,3.03807,3.04492
1746000002259,2.83352,2.8291,2.83478,2.83127,2.83445,2.84455
1746000002263,2.79294,2.78856,2.7948,2.78778,2.79375,2.803
1746000002289,2.50904,2.50484,2.51025,2.4971,2.50911,2.51014
1746000002293,2.46854,2.46415,2.46918,2.45567,2.46876,2.46848
1746000002317,2.22536,2.22176,2.22608,2.21935,2.2264,2.22158
1746000002321,2.1846,2.18127,2.18619,2.17884,2.18591,2.17952
1746000002348,1.94097,1.9368,1.94214,1.93909,1.94218,1.94001
1746000002350,1.90035,1.89602,1.90107,1.89903,1.90146,1.89998
1746000002376,1.65725,1.65256,1.65776,1.6721,1.65912,1.66
1746000002382,1.6164,1.6123,1.61743,1.63113,1.61893,1.61894
1746000002389,1.49461,1.49093,1.49571,1.50375,1.49639,1.49807
1746000002411,1.29143,1.28845,1.29233,1.2989,1.29413,1.28426
1746000002413,1.2512,1.24759,1.25249,1.25725,1.25402,1.24234
1746000002438,1.00766,1.00328,1.00865,1.01109,1.01016,0.999104
1746000002442,0.96717,0.962667,0.968236,0.967255,0.968966,0.958914
1746000002468,0.7235,0.719484,0.724051,0.71434,0.724743,0.71794
1746000002470,0.682918,0.678867,0.68294,0.671425,0.684481,0.676757
1746000002478,0.642379,0.63865,0.643267,0.628853,0.643515,0.634363
1746000002498,0.399631,0.395748,0.400303,0.390701,0.400361,0.397716
1746000002500,0.399631,0.395748,0.400303,0.390701,0.400361,0.397716
1746000002529,0.115159,0.110946,0.115095,0.107117,0.116564,0.115461
1746000002533,0.0744011,0.0702484,0.0743321,0.06752,0.0767417,0.0742744
1746000002537,0.0337747,0.0297914,0.0342669,0.0280379,0.0361981,0.0326073
1746000002564,-0.250083,-0.254209,-0.249939,-0.243073,-0.248088,-0.252072
1746000002567,-0.290709,-0.294586,-0.290091,-0.284271,-0.288225,-0.291117
1746000002591,-0.534467,-0.537568,-0.533055,-0.525856,-0.531362,-0.527413
1746000002597,-0.574742,-0.577945,-0.573295,-0.568428,-0.572196,-0.567368
1746000002605,-0.65538,-0.659621,-0.654515,-0.653114,-0.65403,-0.64709
1746000002626,-0.85838,-0.862387,-0.858285,-0.848236,-0.856184,-0.849546
1746000002629,-0.89905,-0.903084,-0.898176,-0.892983,-0.896578,-0.889755
1746000002634,-0.93972,-0.943742,-0.938895,-0.937843,-0.937644,-0.92993
1746000002659,-1.22388,-1.22754,-1.22341,-1.23047,-1.2223,-1.22051
1746000002661,-1.22388,-1.22754,-1.22341,-1.23047,-1.2223,-1.22051
1746000002689,-1.50796,-1.5113,-1.50626,-1.51131,-1.50609,-1.50539
1746000002695,-1.58913,-1.59286,-1.58809,-1.59279,-1.58769,-1.58598
1746000002699,-1.58913,-1.59286,-1.58809,-1.59279,-1.58769,-1.58598
1746000002728,-1.87329,-1.8771,-1.87147,-1.87466,-1.8715,-1.86778
1746000002730,-1.91387,-1.91752,-1.91315,-1.9146,-1.91194,-1.90742
1746000002736,-1.99495,-1.99839,-1.99323,-1.99059,-1.99328,-1.98812
1746000002760,-2.23818,-2.24165,-2.23668,-2.23125,-2.23608,-2.23008
1746000002762,-2.23818,-2.24165,-2.23668,-2.23125,-2.23608,-2.23008
1746000002790,-2.52213,-2.52605,-2.52175,-2.52148,-2.52063,-2.52524
1746000002796,-2.60338,-2.60709,-2.60206,-2.60216,-2.60237,-2.60911
1746000002800,-2.60338,-2.60709,-2.60206,-2.60216,-2.60237,-2.60911
1746000002829,-2.88746,-2.89141,-2.88736,-2.89719,-2.8866,-2.89173
1746000002831,-2.92808,-2.93183,-2.92707,-2.93804,-2.92724,-2.93226
1746000002837,-3.00881,-3.01306,-3.0089,-3.02067,-3.00873,-3.01383
1746000002861,-3.25208,-3.25608,-3.25235,-3.26786,-3.25207,-3.25835
1746000002863,-3.25208,-3.25608,-3.25235,-3.26786,-3.25207,-3.25835
1746000002891,-3.53585,-3.53996,-3.53594,-3.55087,-3.53603,-3.53991
1746000002897,-3.61759,-3.62112,-3.61786,-3.6303,-3.61695,-3.62293
1746000002901,-3.61759,-3.62112,-3.61786,-3.6303,-3.61695,-3.62293
1746000002930,-3.90162,-3.90492,-3.90119,-3.89957,-3.9001,-3.91321
1746000002932,-3.94194,-3.94554,-3.94244,-3.93745,-3.9408,-3.95388
1746000002938,-4.02293,-4.02685,-4.02305,-4.01791,-4.0212,-4.03219
1746000002962,-4.26673,-4.27031,-4.26688,-4.26144,-4.26487,-4.26934
1746000002964,-4.26673,-4.27031,-4.26688,-4.26144,-4.26487,-4.26934
1746000002992,-4.5505,-4.55411,-4.55135,-4.54571,-4.54865,-4.55012
1746000002998,-4.63171,-4.63523,-4.63218,-4.62673,-4.62923,-4.63067
1746000003002,-4.63171,-4.63523,-4.63218,-4.62673,-4.62923,-4.63067
1746000003031,-4.91609,-4.91959,-4.91677,-4.91856,-4.91535,-4.91521
1746000003033,-4.95672,-4.96013,-4.95649,-4.9625,-4.95635,-4.95744
1746000003039,-5.03762,-5.04112,-5.03832,-5.04261,-5.03679,-5.0385
1746000003063,-5.28103,-5.28462,-5.28115,-5.28316,-5.28025,-5.28078
1746000003065,-5.28103,-5.28462,-5.28115,-5.28316,-5.28025,-5.28078
1746000003093,-5.56511,-5.56875,-5.56497,-5.56389,-5.56397,-5.56174
1746000003099,-5.64601,-5.64994,-5.6468,-5.64766,-5.64501,-5.64165
1746000003103,-5.64601,-5.64994,-5.6468,-5.64766,-5.64501,-5.64165
1746000003114,-5.76802,-5.77175,-5.76791,-5.7645,-5.76599,-5.76288
1746000003134,-5.97062,-5.97432,-5.97098,-5.96352,-5.96896,-5.96555
1746000003159,-6.25487,-6.25808,-6.25445,-6.25214,-6.25372,-6.25376
1746000003165,-6.29563,-6.29853,-6.29499,-6.29242,-6.29425,-6.29546
1746000003189,-6.53891,-6.54224,-6.53896,-6.53824,-6.53763,-6.53718
1746000003192,-6.57936,-6.58286,-6.5799,-6.58287,-6.57835,-6.57805
1746000003216,-6.82294,-6.82644,-6.82303,-6.83327,-6.82225,-6.82162
1746000003222,-6.86326,-6.86722,-6.86288,-6.87527,-6.86285,-6.86305
1746000003230,-6.94425,-6.94837,-6.94471,-6.95938,-6.94331,-6.94419
1746000003250,-7.14716,-7.15082,-7.14765,-7.15794,-7.14625,-7.15106
1746000003253,-7.1877,-7.19147,-7.18802,-7.19925,-7.18699,-7.19166
1746000003259,-7.22833,-7.23205,-7.22809,-7.24079,-7.22808,-7.23195
1746000003283,-7.47178,-7.47572,-7.47123,-7.48295,-7.47186,-7.47995
1746000003285,-7.51245,-7.51617,-7.51269,-7.52186,-7.51189,-7.52096
1746000003314,-7.79657,-7.80041,-7.79676,-7.79205,-7.79499,-7.8065
1746000003319,-7.83702,-7.84091,-7.83705,-7.83428,-7.83666,-7.84824
1746000003322,-7.8776,-7.88161,-7.87846,-7.87537,-7.87705,-7.88828
1746000003352,-8.16163,-8.16561,-8.16127,-8.16216,-8.16008,-8.16842
1746000003354,-8.20235,-8.20603,-8.2019,-8.20381,-8.20098,-8.20987
1746000003360,-8.2428,-8.2468,-8.2431,-8.24306,-8.24178,-8.25115
1746000003368,-8.32401,-8.32812,-8.32393,-8.31928,-8.3224,-8.33163
1746000003370,-8.36481,-8.36878,-8.36526,-8.35991,-8.36283,-8.37167
1746000003399,-8.64867,-8.65266,-8.64846,-8.65196,-8.6475,-8.65525
1746000003403,-8.68907,-8.69319,-8.68979,-8.69408,-8.68771,-8.69586
1746000003429,-8.97306,-8.97687,-8.97322,-8.97491,-8.97197,-8.9791
1746000003431,-8.97306,-8.97687,-8.97322,-8.97491,-8.97197,-8.9791
1746000003442,-9.05414,-9.05819,-9.05478,-9.06006,-9.05337,-9.05875
1746000003463,-9.29737,-9.30181,-9.29862,-9.30244,-9.29617,-9.29729
1746000003468,-9.33804,-9.34255,-9.33838,-9.34341,-9.33642,-9.33738
1746000003494,-9.5814,-9.58589,-9.58169,-9.57607,-9.57971,-9.57622
1746000003496,-9.62199,-9.62511,-9.62158,-9.61567,-9.62033,-9.6163
1746000003524,-9.86983,-9.84547,-9.85775,-9.8869,-9.88724,-9.88356
1746000003530,-9.91586,-9.8806,-9.88988,-9.94503,-9.94253,-9.94019
1746000003554,-9.9293,-9.88681,-9.88996,-9.98966,-9.96368,-9.96091
1746000003556,-9.9293,-9.88681,-9.88996,-9.98966,-9.96368,-9.96091
1746000003564,-9.89008,-9.8569,-9.86476,-9.98165,-9.92767,-9.92856
1746000003587,-9.69828,-9.69287,-9.69849,-9.80507,-9.71817,-9.7249
1746000003591,-9.69828,-9.69287,-9.69849,-9.80507,-9.71817,-9.7249
1746000003619,-9.37731,-9.3792,-9.37962,-9.48326,-9.39366,-9.39882
1746000003623,-9.33721,-9.33898,-9.34073,-9.44115,-9.35253,-9.35711
1746000003629,-9.29711,-9.29896,-9.30015,-9.39743,-9.31148,-9.31563
1746000003654,-9.05352,-9.05819,-9.05801,-9.14143,-9.06617,-9.06523
1746000003657,-9.01312,-9.01797,-9.01808,-9.09885,-9.02547,-9.02509
1746000003664,-8.97236,-8.97763,-8.97805,-9.05663,-8.98466,-8.98516
1746000003687,-8.68784,-8.69139,-8.69202,-8.75725,-8.69779,-8.70303
1746000003691,-8.68784,-8.69139,-8.69202,-8.75725,-8.69779,-8.70303
1746000003718,-8.40337,-8.40639,-8.40851,-8.4486,-8.41105,-8.41879
1746000003722,-8.36292,-8.36545,-8.36757,-8.40717,-8.3699,-8.3776
1746000003728,-8.32247,-8.32483,-8.32629,-8.36437,-8.32912,-8.33629
1746000003753,-8.03804,-8.04151,-8.04356,-8.05412,-8.04233,-8.04596
1746000003756,-8.03804,-8.04151,-8.04356,-8.05412,-8.04233,-8.04596
1746000003784,-7.7537,-7.75539,-7.75678,-7.75864,-7.75807,-7.75818
1746000003789,-7.67249,-7.67375,-7.67604,-7.67956,-7.6767,-7.6777
1746000003794,-7.67249,-7.67375,-7.67604,-7.67956,-7.6767,-7.6777
1746000003821,-7.34788,-7.34909,-7.35059,-7.35054,-7.3516,-7.36
1746000003825,-7.30703,-7.30859,-7.31023,-7.31106,-7.31093,-7.31951
1746000003831,-7.26645,-7.26794,-7.26898,-7.27135,-7.27056,-7.27955
1746000003855,-7.02287,-7.02391,-7.02536,-7.04327,-7.02847,-7.03303
1746000003857,-6.98233,-6.98309,-6.9853,-7.00127,-6.98728,-6.99155
1746000003865,-6.94166,-6.9422,-6.94454,-6.95961,-6.94631,-6.94932
1746000003888,-6.65771,-6.65695,-6.65928,-6.66904,-6.66228,-6.65652
1746000003893,-6.65771,-6.65695,-6.65928,-6.66904,-6.66228,-6.65652
1746000003919,-6.37333,-6.37327,-6.3763,-6.3818,-6.37795,-6.3732
1746000003923,-6.33244,-6.33266,-6.33523,-6.33843,-6.33766,-6.33261
1746000003929,-6.29164,-6.29216,-6.29464,-6.29448,-6.29705,-6.29171
1746000003953,-6.00747,-6.00816,-6.01105,-5.99888,-6.01199,-6.01314
1746000003956,-6.00747,-6.00816,-6.01105,-5.99888,-6.01199,-6.01314
1746000003963,-5.92714,-5.9266,-5.92926,-5.9222,-5.9316,-5.93301
1746000003986,-5.68321,-5.68234,-5.68516,-5.67833,-5.68737,-5.68894
1746000003989,-5.68321,-5.68234,-5.68516,-5.67833,-5.68737,-5.68894
1746000004017,-5.39961,-5.39862,-5.40187,-5.39978,-5.40473,-5.40026
1746000004021,-5.35894,-5.35816,-5.36059,-5.3603,-5.36412,-5.35843
1746000004026,-5.3181,-5.31798,-5.32074,-5.32116,-5.3236,-5.31817
1746000004052,-5.03371,-5.03394,-5.03675,-5.04707,-5.04049,-5.04255
1746000004055,-4.99309,-4.99309,-4.99595,-5.00485,-4.99968,-5.0025
1746000004063,-4.95264,-4.95251,-4.9561,-4.96181,-4.95862,-4.96204
1746000004085,-4.70936,-4.70868,-4.7127,-4.71085,-4.71513,-4.72676
1746000004090,-4.66882,-4.66795,-4.67128,-4.67056,-4.67407,-4.68605
1746000004099,-4.54716,-4.54593,-4.54899,-4.54811,-4.55208,-4.56293
1746000004103,-4.50662,-4.50564,-4.50832,-4.50439,-4.51123,-4.52204
1746000004106,-4.50662,-4.50564,-4.50832,-4.50439,-4.51123,-4.52204
1746000004135,-4.18205,-4.18142,-4.18418,-4.16576,-4.18622,-4.18884
1746000004137,-4.18205,-4.18142,-4.18418,-4.16576,-4.18622,-4.18884
1746000004164,-3.89793,-3.89718,-3.90071,-3.88676,-3.90236,-3.90164
1746000004170,-3.85726,-3.85644,-3.86034,-3.8467,-3.86197,-3.86128
1746000004193,-3.61337,-3.61286,-3.61668,-3.60695,-3.61844,-3.62524
1746000004196,-3.5731,-3.57208,-3.57561,-3.56747,-3.57836,-3.58555
1746000004204,-3.49206,-3.49121,-3.49522,-3.4893,-3.4968,-3.50901
1746000004224,-3.28906,-3.28832,-3.29245,-3.30185,-3.29441,-3.30391
1746000004228,-3.24866,-3.24778,-3.25152,-3.26122,-3.25391,-3.26172
1746000004256,-3.00516,-3.0042,-3.00777,-3.01094,-3.01081,-3.01306
1746000004259,-2.96454,-2.96358,-2.96696,-2.97066,-2.96994,-2.97082
1746000004265,-2.88293,-2.88259,-2.88596,-2.88918,-2.88874,-2.88769
1746000004288,-2.63948,-2.63928,-2.64274,-2.64221,-2.64501,-2.63974
1746000004290,-2.63948,-2.63928,-2.64274,-2.64221,-2.64501,-2.63974
1746000004319,-2.35536,-2.35504,-2.35879,-2.35027,-2.36068,-2.3627
1746000004324,-2.27468,-2.27381,-2.27775,-2.26856,-2.27906,-2.28323
1746000004349,-2.03119,-2.03039,-2.03413,-2.03728,-2.03673,-2.03882
1746000004351,-2.03119,-2.03039,-2.03413,-2.03728,-2.03673,-2.03882
1746000004378,-1.74706,-1.74651,-1.75084,-1.7474,-1.75202,-1.74433
1746000004383,-1.7067,-1.70597,-1.71025,-1.70895,-1.71155,-1.70387
1746000004388,-1.66612,-1.66507,-1.66866,-1.66981,-1.67103,-1.66235
1746000004413,-1.42289,-1.42197,-1.42552,-1.43452,-1.42848,-1.41827
1746000004416,-1.38226,-1.38167,-1.38602,-1.39446,-1.38789,-1.37931
1746000004443,-1.09827,-1.09771,-1.10112,-1.10516,-1.10362,-1.10604
1746000004448,-1.05756,-1.05697,-1.06014,-1.06247,-1.06251,-1.06657
1746000004450,-1.01702,-1.01628,-1.02025,-1.02001,-1.02135,-1.02745
1746000004479,-0.732987,-0.732114,-0.73591,-0.733681,-0.737621,-0.74311
1746000004483,-0.692712,-0.691417,-0.695365,-0.687561,-0.696796,-0.701874
1746000004489,-0.65213,-0.65112,-0.655169,-0.642929,-0.655879,-0.661035
1746000004513,-0.408855,-0.407537,-0.411813,-0.394478,-0.412112,-0.412252
1746000004516,-0.368184,-0.366959,-0.370091,-0.354767,-0.371485,-0.369659
1746000004543,-0.0840636,-0.0831192,-0.0862339,-0.0797654,-0.0883766,-0.085392
1746000004548,-0.0432616,-0.0425419,-0.0459071,-0.0395967,-0.0480486,-0.0469226
1746000004550,-0.00259133,-0.00164391,-0.00479558,0.00263203,-0.00704064,-0.00826934
1746000004578,0.240859,0.24194,0.238996,0.241699,0.236976,0.22573
1746000004583,0.321629,0.322854,0.319737,0.318031,0.316811,0.305197
1746000004588,0.362123,0.363591,0.360892,0.356369,0.357404,0.34459
1746000004614,0.605969,0.606774,0.60403,0.595322,0.600947,0.594452
1746000004616,0.646552,0.647311,0.644357,0.638008,0.64179,0.638287
1746000004644,0.930453,0.931312,0.928563,0.922966,0.925155,0.928628
1746000004649,0.971035,0.971889,0.969108,0.962906,0.965997,0.970715
1746000004651,1.01149,1.01215,1.00887,1.00456,1.00716,1.01267
1746000004679,1.25467,1.25569,1.25218,1.2569,1.25101,1.2538
1746000004684,1.33593,1.33672,1.33401,1.33873,1.33264,1.33154
1746000004689,1.37651,1.37742,1.37412,1.38039,1.37314,1.36942
1746000004713,1.62009,1.62068,1.61721,1.62266,1.61573,1.60522
1746000004716,1.66067,1.6615,1.6588,1.65962,1.65569,1.64549
1746000004724,1.74149,1.7425,1.73924,1.73962,1.73719,1.7292
1746000004746,1.94453,1.94558,1.94192,1.94927,1.9404,1.94195
1746000004748,1.98498,1.98596,1.98233,1.99001,1.9813,1.9851
1746000004776,2.22839,2.2295,2.22573,2.22382,2.22433,2.2371
1746000004781,2.3099,2.31074,2.30665,2.30324,2.30545,2.31872
1746000004787,2.35071,2.35123,2.3475,2.34455,2.34646,2.35996
1746000004811,2.59407,2.59462,2.59112,2.59243,2.59085,2.59642
1746000004814,2.63456,2.63544,2.63188,2.6326,2.63111,2.6356
1746000004842,2.91842,2.9194,2.91487,2.91962,2.91489,2.91239
1746000004847,2.95883,2.96001,2.95633,2.95864,2.95554,2.95346
1746000004849,2.99928,3.00047,2.99678,2.99881,2.996,2.99549
1746000004877,3.24273,3.24381,3.24031,3.25367,3.23976,3.24207
1746000004882,3.32416,3.32501,3.32179,3.33469,3.3212,3.32604
1746000004887,3.36513,3.36547,3.36173,3.37555,3.36231,3.36943
1746000004910,3.60837,3.60905,3.60491,3.61382,3.60514,3.61578
1746000004912,3.64912,3.64927,3.64541,3.65662,3.64599,3.65426
1746000004941,3.8924,3.89285,3.88881,3.89706,3.88818,3.88104
1746000004945,3.97356,3.97404,3.97029,3.97545,3.96903,3.95649
1746000004947,3.97356,3.97404,3.97029,3.97545,3.96903,3.95649
1746000004975,4.25755,4.25764,4.25415,4.24187,4.25145,4.23852
1746000004979,4.29792,4.29846,4.29517,4.28398,4.29251,4.28144
1746000004985,4.3385,4.33896,4.33507,4.32541,4.33293,4.32326
1746000005010,4.58164,4.58242,4.57855,4.57306,4.57737,4.57484
1746000005013,4.62205,4.62288,4.61988,4.6122,4.61729,4.61681
1746000005040,4.90648,4.90736,4.90378,4.89887,4.90264,4.91171
1746000005045,4.94737,4.9477,4.94402,4.94247,4.94348,4.95334
1746000005047,4.98795,4.98827,4.98513,4.98585,4.98364,4.9915
1746000005075,5.27172,5.27232,5.26847,5.27893,5.26846,5.26346
1746000005080,5.31204,5.31273,5.30897,5.31864,5.30902,5.3029
1746000005085,5.35244,5.35335,5.35017,5.35892,5.34956,5.34185
1746000005110,5.59589,5.59685,5.59348,5.60028,5.59235,5.58558
1746000005112,5.63648,5.63739,5.63341,5.64354,5.63323,5.62908
1746000005121,5.71799,5.7185,5.71481,5.72571,5.71455,5.71156
1746000005145,5.96131,5.96209,5.95847,5.96065,5.95734,5.96411
1746000005147,6.00185,6.0025,5.99827,5.99762,5.99796,6.00745
1746000005175,6.24548,6.24605,6.24193,6.24367,6.24076,6.25177
1746000005180,6.32647,6.3272,6.32385,6.32458,6.32166,6.32898
1746000005185,6.36692,6.36794,6.36396,6.36532,6.36229,6.36663
1746000005210,6.61023,6.6112,6.60684,6.60793,6.60577,6.60189
1746000005213,6.65086,6.6519,6.64799,6.64707,6.64609,6.64193
1746000005240,6.93485,6.93562,6.93155,6.93924,6.9313,6.93577
1746000005246,6.97552,6.97604,6.97165,6.98227,6.97171,6.97803
1746000005248,7.01597,7.01657,7.01307,7.02473,7.0126,7.02075
1746000005276,7.25947,7.26016,7.25625,7.26173,7.257,7.27245
1746000005298,7.50296,7.50378,7.50035,7.51133,7.49998,7.51428
1746000005304,7.54359,7.54448,7.54059,7.55104,7.54074,7.55382
1746000005328,7.78695,7.78766,7.78316,7.78336,7.78268,7.77848
1746000005331,7.82775,7.82816,7.82401,7.82181,7.82348,7.81773
1746000005337,7.90865,7.90923,7.90501,7.90009,7.90485,7.89556
1746000005360,8.15215,8.1527,8.14841,8.13686,8.14697,8.14574
1746000005362,8.15215,8.1527,8.14841,8.13686,8.14697,8.14574
1746000005390,8.43596,8.43642,8.4331,8.42674,8.43295,8.43711
1746000005394,8.47602,8.4772,8.47342,8.46657,8.47325,8.4783
1746000005400,8.51669,8.51777,8.51349,8.50685,8.5128,8.52
1746000005408,8.59825,8.59921,8.59519,8.58936,8.59414,8.60237
1746000005430,8.84192,8.84291,8.83863,8.84846,8.83855,8.84335
1746000005432,8.88245,8.88325,8.87865,8.8908,8.87896,8.88258
1746000005437,8.88245,8.88325,8.87865,8.8908,8.87896,8.88258
1746000005462,9.1664,9.16693,9.16347,9.1737,9.16324,9.15781
1746000005465,9.20694,9.20763,9.20345,9.21364,9.20442,9.19769
1746000005493,9.45048,9.45085,9.44685,9.4606,9.44808,9.44585
1746000005498,9.5316,9.5322,9.52855,9.54163,9.52951,9.5282
1746000005521,9.76653,9.76785,9.76728,9.76673,9.76953,9.77755
1746000005523,9.76653,9.76785,9.76728,9.76673,9.76953,9.77755
1746000005553,9.91265,9.90113,9.92449,9.97066,9.97259,9.98235
1746000005558,9.91186,9.89828,9.92044,9.97478,9.97289,9.97882
1746000005562,9.9033,9.89062,9.91124,9.97433,9.96423,9.9701
1746000005589,9.77,9.77262,9.7726,9.8719,9.80084,9.80684
1746000005592,9.73521,9.7397,9.7386,9.83952,9.76207,9.76888
1746000005598,9.66112,9.66656,9.66378,9.76868,9.68309,9.69147
1746000005619,9.46537,9.46544,9.46411,9.55959,9.4798,9.49068
1746000005622,9.42452,9.42222,9.42413,9.51862,9.43961,9.45025
1746000005651,9.18103,9.17118,9.18021,9.27006,9.19384,9.20683
1746000005656,9.09898,9.09155,9.09921,9.19086,9.11181,9.12501
1746000005659,9.05844,9.05281,9.05906,9.15058,9.07148,9.0854
1746000005686,8.81785,8.81873,8.82141,8.88863,8.82567,8.83149
1746000005689,8.77753,8.7792,8.78008,8.8448,8.78428,8.78933
1746000005694,8.69527,8.69913,8.69825,8.75576,8.702,8.70694
1746000005717,8.49011,8.49331,8.49583,8.54382,8.49776,8.50193
1746000005720,8.44936,8.44989,8.45463,8.50056,8.45661,8.46278
1746000005750,8.16822,8.15903,8.16703,8.18333,8.16912,8.18014
1746000005754,8.12676,8.1187,8.12749,8.14121,8.12831,8.13948
1746000005759,8.08543,8.07832,8.08664,8.09933,8.08727,8.09845
1746000005786,7.79907,7.80154,7.80269,7.80476,7.80095,7.81968
1746000005789,7.75853,7.76144,7.76232,7.76321,7.76032,7.77787
1746000005794,7.71826,7.72102,7.72125,7.72179,7.71984,7.73602
1746000005817,7.47608,7.47291,7.47798,7.47528,7.47594,7.48215
1746000005820,7.43515,7.43117,7.43731,7.43523,7.43543,7.44047
1746000005850,7.14923,7.14308,7.15031,7.15965,7.15214,7.15609
1746000005854,7.10825,7.10278,7.10951,7.11834,7.11206,7.11656
1746000005858,7.06767,7.06369,7.06996,7.07668,7.07143,7.07625
1746000005886,6.78521,6.78538,6.78711,6.78795,6.78573,6.79556
1746000005889,6.74437,6.74476,6.74617,6.74801,6.74555,6.75605
1746000005894,6.70335,6.7037,6.70619,6.70761,6.70534,6.71426
1746000005917,6.45893,6.45459,6.4604,6.45092,6.46084,6.46823
1746000005919,6.45893,6.45459,6.4604,6.45092,6.46084,6.46823
1746000005949,6.17613,6.16975,6.17541,6.1615,6.17656,6.17585
1746000005954,6.09474,6.09056,6.09554,6.08437,6.09554,6.09314
1746000005957,6.05385,6.05046,6.05447,6.04671,6.05506,6.05096
1746000005985,5.80921,5.809,5.81085,5.80376,5.81196,5.80688
1746000005987,5.7685,5.76834,5.77083,5.76393,5.77172,5.76747
1746000005993,5.72805,5.72725,5.73007,5.72571,5.7312,5.72687
1746000006017,5.4853,5.47997,5.48549,5.49488,5.48811,5.48785
1746000006019,5.44498,5.43919,5.44429,5.45757,5.44746,5.4481
1746000006049,5.15998,5.15676,5.16144,5.1741,5.16354,5.16092
1746000006053,5.07921,5.07673,5.08009,5.09296,5.08236,5.07469
1746000006057,5.03881,5.03699,5.04028,5.05028,5.04112,5.03303
1746000006086,4.79575,4.79317,4.79701,4.80526,4.79847,4.79257
1746000006088,4.75477,4.75175,4.75547,4.76418,4.7584,4.75345
1746000006093,4.6733,4.66955,4.67477,4.67617,4.67613,4.67785
1746000006102,4.59231,4.58727,4.59242,4.58931,4.59454,4.5954
1746000006104,4.59231,4.58727,4.59242,4.58931,4.59454,4.5954
1746000006134,4.30863,4.3044,4.30947,4.29554,4.3096,4.31211
1746000006139,4.22755,4.22436,4.22865,4.21772,4.22893,4.23491
1746000006142,4.18688,4.18435,4.18815,4.17881,4.18856,4.1956
1746000006170,3.94286,3.94084,3.94496,3.93139,3.94467,3.95629
1746000006172,3.90228,3.89975,3.90337,3.89156,3.9039,3.91537
1746000006197,3.65966,3.6542,3.65962,3.65353,3.66056,3.6614
1746000006203,3.61908,3.6135,3.61965,3.61656,3.62086,3.62127
1746000006211,3.53796,3.53247,3.53773,3.54172,3.5404,3.53881
1746000006232,3.29407,3.29085,3.29529,3.2991,3.2962,3.30219
1746000006235,3.29407,3.29085,3.29529,3.2991,3.2962,3.30219
1746000006259,3.01087,3.00749,3.0127,3.01369,3.0122,3.02012
1746000006263,2.9702,2.96651,2.97141,2.97375,2.97169,2.98057
1746000006289,2.72631,2.72136,2.72705,2.719,2.72667,2.736
1746000006292,2.68547,2.6807,2.68681,2.67632,2.68563,2.69394
1746000006297,2.64475,2.64025,2.64657,2.63535,2.64531,2.65181
1746000006320,2.40165,2.39823,2.40352,2.38998,2.40296,2.40176
1746000006322,2.40165,2.39823,2.40352,2.38998,2.40296,2.40176
1746000006352,2.11744,2.11435,2.11844,2.11258,2.11822,2.11382
1746000006372,1.87395,1.86976,1.87469,1.87305,1.87556,1.87411
1746000006376,1.83354,1.82938,1.83507,1.83334,1.8354,1.83425
1746000006402,1.58996,1.58644,1.59162,1.6032,1.59296,1.59295
1746000006405,1.54942,1.54594,1.55051,1.56063,1.55159,1.55261
1746000006410,1.50902,1.50525,1.50988,1.51875,1.51081,1.51233
1746000006433,1.26552,1.26222,1.26661,1.27224,1.26818,1.25734
1746000006435,1.26552,1.26222,1.26661,1.27224,1.26818,1.25734
1746000006465,0.981708,0.977102,0.983189,0.982704,0.983752,0.973501
1746000006469,0.900324,0.895947,0.900879,0.897789,0.901836,0.892104
1746000006473,0.859565,0.855651,0.860683,0.855789,0.861242,0.852419
1746000006499,0.616334,0.612989,0.617371,0.601501,0.617317,0.608286
1746000006502,0.575928,0.572412,0.576172,0.560532,0.576401,0.568362
1746000006507,0.535433,0.531875,0.535802,0.521507,0.535625,0.529097
1746000006530,0.291807,0.288131,0.293056,0.279579,0.29306,0.292448
1746000006533,0.291807,0.288131,0.293056,0.279579,0.29306,0.292448
1746000006562,0.00759819,0.00352849,0.00776022,0.00263203,0.00974403,0.0059907
1746000006566,-0.0732592,-0.077626,-0.0727626,-0.07473,-0.0713597,-0.0776534
1746000006570,-0.113534,-0.118123,-0.113569,-0.111923,-0.111406,-0.117969
1746000006598,-0.357204,-0.360985,-0.356794,-0.349732,-0.354667,-0.357401
1746000006600,-0.397699,-0.401562,-0.397295,-0.390473,-0.395435,-0.396241
1746000006606,-0.479303,-0.482516,-0.478603,-0.471153,-0.476514,-0.473656
1746000006630,-0.722314,-0.72622,-0.722046,-0.719376,-0.720132,-0.714739
1746000006632,-0.722314,-0.72622,-0.722046,-0.719376,-0.720132,-0.714739
1746000006662,-1.00696,-1.01026,-1.00569,-1.00937,-1.00499,-0.996817
1746000006666,-1.08795,-1.09138,-1.08721,-1.0936,-1.08553,-1.07762
1746000006670,-1.12853,-1.13199,-1.12719,-1.13548,-1.12578,-1.11975
1746000006697,-1.37172,-1.37518,-1.3702,-1.37707,-1.37011,-1.36813
1746000006700,-1.41222,-1.41595,-1.41105,-1.41666,-1.411,-1.4101
1746000006705,-1.45284,-1.45669,-1.45216,-1.45546,-1.45116,-1.45067
1746000006728,-1.69664,-1.70019,-1.69551,-1.69796,-1.69436,-1.69166
1746000006731,-1.73714,-1.74045,-1.7351,-1.73698,-1.73487,-1.73154
1746000006760,-1.98059,-1.98399,-1.97872,-1.97742,-1.97899,-1.97401
1746000006765,-2.06162,-2.06503,-2.06059,-2.05204,-2.0589,-2.05319
1746000006768,-2.10212,-2.10553,-2.10057,-2.09038,-2.09949,-2.09283
1746000006795,-2.34583,-2.34915,-2.3441,-2.34123,-2.34324,-2.34009
1746000006797,-2.38637,-2.38957,-2.38538,-2.38255,-2.38431,-2.3836
1746000006822,-2.62951,-2.63331,-2.62909,-2.62814,-2.628,-2.63572
1746000006828,-2.66996,-2.67409,-2.66946,-2.66888,-2.66844,-2.67676
1746000006834,-2.751,-2.75524,-2.7509,-2.75368,-2.75028,-2.75687
1746000006857,-2.99449,-2.99847,-2.99447,-3.00591,-2.99445,-3.00003
1746000006860,-2.99449,-2.99847,-2.99447,-3.00591,-2.99445,-3.00003
1746000006884,-3.27804,-3.28211,-3.27802,-3.29224,-3.27845,-3.28451
1746000006888,-3.3188,-3.32264,-3.31883,-3.33103,-3.31894,-3.32625
1746000006914,-3.56229,-3.56595,-3.56275,-3.57616,-3.56214,-3.56548
1746000006917,-3.60301,-3.60672,-3.60386,-3.61599,-3.60244,-3.60754
1746000006919,-3.60301,-3.60672,-3.60386,-3.61599,-3.60244,-3.60754
1746000006945,-3.88686,-3.89068,-3.88663,-3.88653,-3.88569,-3.89892
1746000006947,-3.88686,-3.89068,-3.88663,-3.88653,-3.88569,-3.89892
1746000006977,-4.17116,-4.17448,-4.17184,-4.16645,-4.16962,-4.17658
1746000006981,-4.25224,-4.25584,-4.25254,-4.24679,-4.25048,-4.25586
1746000006985,-4.29286,-4.29654,-4.29387,-4.28776,-4.29106,-4.29537
1746000007011,-4.53592,-4.5398,-4.53722,-4.53152,-4.53475,-4.53629
1746000007014,-4.57655,-4.5805,-4.5772,-4.5718,-4.57463,-4.57666
1746000007021,-4.6173,-4.62091,-4.61766,-4.61197,-4.61456,-4.61667
1746000007042,-4.86097,-4.86442,-4.86106,-4.86168,-4.85948,-4.85748
1746000007045,-4.86097,-4.86442,-4.86106,-4.86168,-4.85948,-4.85748
1746000007074,-5.1447,-5.14826,-5.14566,-5.14526,-5.144,-5.14384
1746000007078,-5.226,-5.22937,-5.22635,-5.22469,-5.22446,-5.22464
1746000007082,-5.26654,-5.27003,-5.26716,-5.26772,-5.26559,-5.26576
1746000007108,-5.5102,-5.51389,-5.51086,-5.5085,-5.5094,-5.5071
1746000007111,-5.55066,-5.55435,-5.55049,-5.54924,-5.54957,-5.54726
1746000007118,-5.59106,-5.59473,-5.59169,-5.59113,-5.58976,-5.58649
1746000007126,-5.71285,-5.71662,-5.71346,-5.71301,-5.7119,-5.70853
1746000007150,-5.956,-5.95984,-5.95651,-5.94795,-5.95443,-5.95096
1746000007175,-6.19962,-6.20323,-6.2,-6.19709,-6.19844,-6.19765
1746000007177,-6.19962,-6.20323,-6.2,-6.19709,-6.19844,-6.19765
1746000007202,-6.48352,-6.48747,-6.48337,-6.4793,-6.48254,-6.48274
1746000007206,-6.52428,-6.52776,-6.52405,-6.52268,-6.52323,-6.52354
1746000007232,-6.76787,-6.77135,-6.7674,-6.77628,-6.76644,-6.76491
1746000007235,-6.80849,-6.81192,-6.80886,-6.81805,-6.80775,-6.80719
1746000007259,-7.05172,-7.05515,-7.05165,-7.06329,-7.05089,-7.05451
1746000007265,-7.09226,-7.09596,-7.09154,-7.10358,-7.09142,-7.09608
1746000007272,-7.17343,-7.17704,-7.17368,-7.18449,-7.17252,-7.17776
1746000007275,-7.21392,-7.21762,-7.21366,-7.22637,-7.2133,-7.21816
1746000007303,-7.45719,-7.4614,-7.45675,-7.46876,-7.45769,-7.46523
1746000007309,-7.53871,-7.54223,-7.53867,-7.54589,-7.53812,-7.54765
1746000007332,-7.78212,-7.7859,-7.78246,-7.77649,-7.78046,-7.79179
1746000007334,-7.78212,-7.7859,-7.78246,-7.77649,-7.78046,-7.79179
1746000007362,-8.06602,-8.06998,-8.06567,-8.06362,-8.06497,-8.07294
1746000007369,-8.14732,-8.15109,-8.14723,-8.14682,-8.14531,-8.15397
1746000007372,-8.14732,-8.15109,-8.14723,-8.14682,-8.14531,-8.15397
1746000007382,-8.26897,-8.27307,-8.26909,-8.26778,-8.26745,-8.27722
1746000007385,-8.30956,-8.31372,-8.30928,-8.30567,-8.30755,-8.31747
1746000007409,-8.55296,-8.55755,-8.55321,-8.55389,-8.55156,-8.5595
1746000007412,-8.59368,-8.59792,-8.59449,-8.59566,-8.59221,-8.59982
1746000007440,-8.83669,-8.84083,-8.83754,-8.84342,-8.83626,-8.84384
1746000007443,-8.87767,-8.8814,-8.877,-8.88073,-8.87651,-8.88352
1746000007450,-8.95866,-8.9622,-8.95874,-8.96015,-8.9571,-8.96425
1746000007472,-9.16183,-9.1652,-9.16164,-9.17004,-9.16079,-9.16515
1746000007474,-9.20211,-9.20594,-9.20258,-9.20963,-9.20134,-9.20545
1746000007502,-9.48588,-9.49034,-9.48587,-9.48635,-9.48424,-9.48408
1746000007525,-9.68708,-9.68742,-9.68737,-9.68296,-9.6865,-9.68266
1746000007529,-9.76236,-9.7575,-9.76231,-9.7633,-9.76616,-9.76147
1746000007537,-9.79758,-9.78814,-9.7958,-9.80255,-9.8047,-9.80001
1746000007558,-9.93984,-9.89964,-9.90426,-9.97593,-9.97231,-9.97109
1746000007561,-9.93984,-9.89964,-9.90426,-9.97593,-9.97231,-9.97109
1746000007586,-9.8744,-9.84395,-9.85182,-9.97479,-9.9096,-9.91109
1746000007589,-9.8744,-9.84395,-9.85182,-9.97479,-9.9096,-9.91109
1746000007598,-9.81748,-9.79852,-9.80726,-9.92329,-9.84629,-9.84988
1746000007619,-9.59462,-9.59279,-9.59525,-9.70276,-9.61164,-9.61804
1746000007621,-9.59462,-9.59279,-9.59525,-9.70276,-9.61164,-9.61804
1746000007646,-9.31147,-9.31296,-9.31466,-9.4138,-9.3264,-9.33045
1746000007650,-9.31147,-9.31296,-9.31466,-9.4138,-9.3264,-9.33045
1746000007675,-9.02766,-9.03225,-9.03242,-9.11465,-9.04014,-9.03927
1746000007679,-8.98716,-8.99199,-8.99279,-9.07196,-8.9993,-8.99943
1746000007684,-8.94631,-8.95133,-8.95172,-9.03042,-8.95841,-8.95986
1746000007710,-8.6618,-8.66496,-8.6659,-8.7291,-8.67187,-8.67755
1746000007713,-8.6618,-8.66496,-8.6659,-8.7291,-8.67187,-8.67755
1746000007719,-8.58055,-8.58281,-8.58433,-8.64166,-8.5897,-8.59691
1746000007743,-8.33687,-8.33943,-8.34085,-8.37982,-8.34377,-8.35156
1746000007746,-8.33687,-8.33943,-8.34085,-8.37982,-8.34377,-8.35156
1746000007773,-8.0524,-8.05599,-8.05795,-8.06957,-8.05705,-8.06114
1746000007777,-8.01178,-8.01517,-8.0171,-8.02586,-8.01613,-8.01909
1746000007783,-7.97111,-7.97467,-7.97581,-7.98306,-7.97541,-7.97706
1746000007808,-7.68699,-7.68851,-7.69065,-7.69398,-7.69089,-7.69282
1746000007810,-7.68699,-7.68851,-7.69065,-7.69398,-7.69089,-7.69282
1746000007838,-7.40269,-7.40382,-7.40531,-7.40307,-7.40636,-7.41249
1746000007843,-7.32153,-7.32327,-7.32487,-7.32525,-7.32569,-7.33378
1746000007847,-7.32153,-7.32327,-7.32487,-7.32525,-7.32569,-7.33378
1746000007873,-7.03727,-7.03831,-7.04014,-7.0578,-7.04273,-7.04781
1746000007877,-6.9966,-6.99749,-6.99956,-7.01626,-7.00183,-7.00625
1746000007883,-6.95628,-6.95667,-6.95923,-6.97403,-6.96116,-6.96451
1746000007908,-6.67177,-6.67151,-6.67372,-6.68484,-6.67696,-6.67131
1746000007910,-6.67177,-6.67151,-6.67372,-6.68484,-6.67696,-6.67131
1746000007938,-6.38782,-6.38759,-6.39047,-6.3961,-6.39259,-6.38767
1746000007943,-6.3472,-6.34729,-6.3501,-6.35399,-6.35198,-6.34635
1746000007947,-6.30613,-6.30651,-6.30877,-6.31039,-6.31154,-6.30592
1746000007973,-6.02197,-6.02255,-6.02561,-6.01296,-6.02621,-6.02689
1746000007978,-5.98156,-5.98161,-5.98437,-5.97405,-5.98577,-5.98717
1746000007983,-5.94146,-5.94088,-5.94317,-5.93605,-5.94594,-5.94717
1746000008008,-5.69753,-5.69677,-5.69981,-5.69366,-5.70181,-5.70348
1746000008010,-5.65734,-5.65627,-5.65988,-5.65235,-5.6614,-5.66205
1746000008039,-5.37348,-5.37247,-5.37519,-5.37437,-5.37861,-5.37306
1746000008044,-5.33277,-5.3323,-5.33504,-5.33478,-5.33792,-5.33219
1746000008048,-5.29183,-5.29196,-5.29493,-5.29644,-5.29746,-5.29236
1746000008074,-5.00771,-5.00764,-5.01042,-5.01972,-5.0143,-5.0166
1746000008078,-4.96713,-4.96694,-4.9704,-4.97738,-4.97308,-4.97684
1746000008084,-4.92664,-4.92641,-4.9299,-4.93389,-4.93258,-4.93739
1746000008109,-4.64269,-4.64168,-4.64508,-4.64504,-4.648,-4.66024
1746000008111,-4.64269,-4.64168,-4.64508,-4.64504,-4.648,-4.66024
1746000008119,-4.56157,-4.56049,-4.56417,-4.56299,-4.56656,-4.57784
1746000008124,-4.52107,-4.51987,-4.52275,-4.51996,-4.52589,-4.53707
1746000008148,-4.27749,-4.27665,-4.27987,-4.26052,-4.28153,-4.28749
1746000008150,-4.237,-4.23635,-4.24029,-4.22138,-4.2414,-4.2458
1746000008158,-4.15566,-4.15532,-4.15802,-4.13876,-4.15985,-4.16182
1746000008180,-3.9531,-3.95239,-3.95586,-3.9394,-3.95739,-3.95465
1746000008183,-3.91229,-3.91173,-3.91523,-3.90118,-3.91687,-3.91567
1746000008212,-3.62782,-3.62753,-3.63185,-3.62125,-3.63261,-3.63847
1746000008214,-3.58746,-3.58671,-3.59065,-3.58143,-3.59257,-3.59929
1746000008220,-3.54714,-3.5461,-3.55042,-3.54183,-3.55229,-3.56111
1746000008243,-3.3036,-3.30263,-3.30758,-3.31604,-3.30903,-3.31874
1746000008245,-3.3036,-3.30263,-3.30758,-3.31604,-3.30903,-3.31874
1746000008273,-3.0197,-3.01867,-3.02364,-3.02559,-3.0252,-3.02754
1746000008278,-2.97894,-2.9781,-2.98235,-2.98496,-2.98418,-2.98533
1746000008281,-2.93805,-2.93768,-2.94207,-2.94422,-2.94381,-2.94394
1746000008311,-2.65415,-2.65384,-2.65826,-2.65698,-2.65968,-2.65474
1746000008313,-2.61348,-2.61306,-2.61719,-2.61623,-2.61898,-2.61456
1746000008319,-2.53271,-2.53195,-2.53623,-2.53384,-2.53751,-2.535
1746000008342,-2.32954,-2.32902,-2.33342,-2.32407,-2.33456,-2.33759
1746000008366,-2.08626,-2.08564,-2.08984,-2.08866,-2.09081,-2.09528
1746000008368,-2.04568,-2.04498,-2.04825,-2.05101,-2.05106,-2.05372
1746000008397,-1.76165,-1.7611,-1.76409,-1.7609,-1.76633,-1.75984
1746000008404,-1.68044,-1.67963,-1.68248,-1.68434,-1.68542,-1.67708
1746000008406,-1.68044,-1.67963,-1.68248,-1.68434,-1.68542,-1.67708
1746000008434,-1.39676,-1.39607,-1.39936,-1.40911,-1.40249,-1.39339
1746000008438,-1.35635,-1.35561,-1.35925,-1.36837,-1.36166,-1.35389
1746000008444,-1.31541,-1.31491,-1.31771,-1.32774,-1.32096,-1.31397
1746000008468,-1.07205,-1.07157,-1.07374,-1.0778,-1.07696,-1.0811
1746000008470,-1.03143,-1.03091,-1.03385,-1.03489,-1.03596,-1.0423
1746000008499,-0.747393,-0.746669,-0.749773,-0.749588,-0.752109,-0.758443
1746000008504,-0.666535,-0.665395,-0.668858,-0.657578,-0.670076,-0.676041
1746000008507,-0.666535,-0.665395,-0.668858,-0.657578,-0.670076,-0.676041
1746000008535,-0.382722,-0.381354,-0.384173,-0.3685,-0.385815,-0.385688
1746000008539,-0.341876,-0.340737,-0.343584,-0.329247,-0.345487,-0.342641
1746000008545,-0.30103,-0.30032,-0.303868,-0.29068,-0.305143,-0.300616
1746000008570,-0.0170411,-0.0163191,-0.0190952,-0.0125886,-0.0216111,-0.0219893
1746000008573,-0.0170411,-0.0163191,-0.0190952,-0.0125886,-0.0216111,-0.0219893
1746000008601,0.26686,0.268002,0.26498,0.266418,0.262717,0.251584
1746000008607,0.347849,0.349157,0.346636,0.342636,0.342941,0.330492
1746000008610,0.388036,0.389734,0.386658,0.380173,0.38341,0.369411
1746000008638,0.632058,0.632796,0.629927,0.623589,0.627476,0.623233
1746000008642,0.713223,0.714272,0.711539,0.706673,0.707933,0.706065
1746000008648,0.753893,0.754568,0.751299,0.747185,0.748153,0.746244
1746000008672,0.997036,0.997911,0.994568,0.989914,0.992501,0.998178
1746000008675,1.03771,1.03825,1.03542,1.03111,1.0331,1.0397
1746000008681,1.07816,1.07895,1.0764,1.07231,1.07317,1.07996
1746000008703,1.32152,1.32233,1.31962,1.32397,1.31817,1.31839
1746000008706,1.36206,1.36303,1.35951,1.36574,1.35855,1.35621
1746000008734,1.60542,1.60621,1.6027,1.6095,1.60151,1.59127
1746000008739,1.68654,1.68764,1.68461,1.684,1.68234,1.67328
1746000008764,1.93026,1.93135,1.92775,1.93474,1.92594,1.92695
1746000008768,1.97057,1.97148,1.96756,1.97548,1.96658,1.96984
1746000008775,2.05196,2.05284,2.04926,2.05696,2.04811,2.05639
1746000008797,2.25443,2.25581,2.25242,2.24876,2.25056,2.26283
1746000008800,2.29523,2.29638,2.29257,2.28882,2.29101,2.3041
1746000008803,2.33621,2.33672,2.33263,2.32979,2.33173,2.34568
1746000008832,2.62016,2.62084,2.61758,2.61795,2.61685,2.62169
1746000008835,2.66056,2.66146,2.65721,2.65881,2.65696,2.65958
1746000008859,2.9041,2.90504,2.90057,2.90508,2.90037,2.89785
1746000008865,2.94438,2.94554,2.94133,2.94468,2.94112,2.93838
1746000008889,3.18796,3.1886,3.18538,3.19851,3.18475,3.18633
1746000008892,3.22845,3.2293,3.22614,3.23948,3.22533,3.22722
1746000008898,3.26882,3.2698,3.26604,3.2793,3.26597,3.26869
1746000008921,3.51293,3.5133,3.50939,3.51837,3.50899,3.52242
1746000008923,3.51293,3.5133,3.50939,3.51837,3.50899,3.52242
1746000008950,3.79678,3.79766,3.79403,3.80424,3.79329,3.79467
1746000008954,3.83737,3.83808,3.83419,3.84407,3.83352,3.83095
1746000008960,3.87804,3.87845,3.87429,3.8831,3.87363,3.86814
1746000008985,4.16181,4.16197,4.15915,4.15031,4.15678,4.14071
1746000008988,4.16181,4.16197,4.15915,4.15031,4.15678,4.14071
1746000009016,4.44593,4.44589,4.44262,4.43424,4.44066,4.43488
1746000009021,4.52714,4.52741,4.52441,4.51824,4.52251,4.51758
1746000009023,4.52714,4.52741,4.52441,4.51824,4.52251,4.51758
1746000009051,4.81099,4.81173,4.80778,4.79542,4.80624,4.81424
1746000009055,4.85131,4.85215,4.84868,4.83856,4.84712,4.85449
1746000009061,4.89194,4.89277,4.88931,4.88308,4.88796,4.89691
1746000009085,5.13508,5.13615,5.1328,5.13885,5.1314,5.13313
1746000009088,5.17597,5.17653,5.17229,5.18074,5.17218,5.1719
1746000009094,5.2574,5.25776,5.2543,5.26428,5.25393,5.24966
1746000009117,5.46018,5.46057,5.45711,5.46329,5.4563,5.44666
1746000009119,5.50081,5.5013,5.49748,5.50266,5.49677,5.48716
1746000009147,5.78458,5.78502,5.78081,5.79128,5.78054,5.78111
1746000009154,5.86539,5.86626,5.86269,5.8707,5.86166,5.86598
1746000009159,5.90597,5.90676,5.9028,5.90836,5.90213,5.90691
1746000009184,6.14933,6.1503,6.14628,6.14422,6.14525,6.15555
1746000009187,6.19031,6.19116,6.18796,6.18725,6.18546,6.19608
1746000009194,6.23098,6.23169,6.22777,6.23028,6.22632,6.23795
1746000009217,6.47434,6.47524,6.47086,6.47335,6.4697,6.46919
1746000009219,6.51493,6.51557,6.51162,6.51352,6.51069,6.50836
1746000009247,6.7582,6.75864,6.75511,6.75499,6.75382,6.75326
1746000009252,6.83941,6.83971,6.83563,6.84116,6.83563,6.83641
1746000009257,6.87991,6.88029,6.87692,6.88225,6.87636,6.87924
1746000009282,7.12331,7.12379,7.11988,7.13436,7.12046,7.13223
1746000009284,7.16398,7.16457,7.16038,7.1743,7.16143,7.175
1746000009312,7.44788,7.44873,7.44407,7.45319,7.44489,7.46149
1746000009335,7.69111,7.69215,7.68781,7.69272,7.68841,7.6869
1746000009338,7.69111,7.69215,7.68781,7.69272,7.68841,7.6869
1746000009345,7.77228,7.77315,7.76882,7.76985,7.76837,7.76472
1746000009367,8.01542,8.01649,8.01278,8.00056,8.01171,8.0035
1746000009373,8.05622,8.05707,8.05324,8.03982,8.05237,8.04696
1746000009397,8.29967,8.30041,8.29677,8.28815,8.29626,8.29717
1746000009400,8.34043,8.34115,8.33797,8.32993,8.33697,8.33902
1746000009408,8.38106,8.38165,8.3776,8.3717,8.37768,8.38125
1746000009429,8.62455,8.62515,8.62052,8.6174,8.62052,8.6282
1746000009432,8.66487,8.66561,8.66167,8.66203,8.66157,8.6691
1746000009440,8.70524,8.70634,8.7027,8.70758,8.70235,8.71042
1746000009445,8.7864,8.7877,8.78379,8.79124,8.78351,8.78963
1746000009469,9.02968,9.03116,9.02749,9.03946,9.027,9.02254
1746000009473,9.02968,9.03116,9.02749,9.03946,9.027,9.02254
1746000009499,9.31415,9.31516,9.31131,9.32339,9.31096,9.30401
1746000009503,9.35486,9.35546,9.35133,9.36413,9.35179,9.34513
1746000009528,9.63841,9.63886,9.63606,9.64485,9.63631,9.63885
1746000009533,9.67794,9.67875,9.6756,9.68227,9.67597,9.68136
1746000009560,9.86921,9.86472,9.87911,9.89731,9.901,9.91264
1746000009562,9.88731,9.88068,9.89912,9.92661,9.92946,9.94031
1746000009569,9.91041,9.8996,9.9231,9.96666,9.96852,9.97876
1746000009590,9.88081,9.87234,9.88861,9.97181,9.93904,9.9459
1746000009593,9.86118,9.85582,9.8679,9.96472,9.9151,9.92225
1746000009622,9.67469,9.68012,9.67774,9.78252,9.69723,9.70529
1746000009626,9.59866,9.60233,9.59904,9.6999,9.61668,9.62555
1746000009630,9.55953,9.5626,9.55968,9.65744,9.57579,9.58582
1746000009657,9.31753,9.30947,9.31697,9.40601,9.33054,9.33953
1746000009660,9.27717,9.26773,9.27551,9.36493,9.28975,9.30141
1746000009665,9.19561,9.18553,9.19477,9.28448,9.20822,9.22141
1746000009688,8.99173,8.99014,8.99392,9.07906,9.00353,9.01659
1746000009691,8.95167,8.95137,8.95495,9.03374,8.96256,8.97445
1746000009721,8.66852,8.67282,8.67113,8.72784,8.67543,8.68015
1746000009725,8.62693,8.63201,8.63089,8.6832,8.63457,8.63959
1746000009730,8.58591,8.59079,8.59035,8.63949,8.59326,8.59772
1746000009755,8.34193,8.33846,8.34582,8.37776,8.3474,8.35653
1746000009757,8.30262,8.29656,8.30388,8.3329,8.30667,8.31677
1746000009783,8.01806,8.01445,8.02094,8.03112,8.0199,8.0312
1746000009788,7.97743,7.97499,7.98013,7.99027,7.97852,7.9918
1746000009795,7.93645,7.93518,7.93915,7.94815,7.93805,7.95367
1746000009817,7.69212,7.69528,7.6951,7.69512,7.69389,7.70948
1746000009820,7.65172,7.65482,7.65547,7.65438,7.65285,7.66801
1746000009825,7.6114,7.61385,7.6144,7.61444,7.61214,7.62586
1746000009851,7.32723,7.32102,7.32779,7.33727,7.32875,7.33161
1746000009853,7.32723,7.32102,7.32779,7.33727,7.32875,7.33161
1746000009880,7.04162,7.03875,7.04354,7.0507,7.04533,7.05079
1746000009887,6.9612,6.95944,6.96307,6.96648,6.9634,6.96954
1746000009891,6.9612,6.95944,6.96307,6.96648,6.9634,6.96954
1746000009917,6.67704,6.6772,6.67956,6.68209,6.67934,6.68637
1746000009921,6.63615,6.6359,6.63788,6.63975,6.63846,6.64565
1746000009927,6.59526,6.59472,6.59781,6.595,6.59727,6.60729
1746000009952,6.31158,6.30515,6.31143,6.30066,6.31303,6.31308
1746000009954,6.31158,6.30515,6.31143,6.30066,6.31303,6.31308
1746000009981,6.0271,6.02464,6.0287,6.02177,6.02924,6.02505
1746000009988,5.94568,5.94457,5.94722,5.93994,5.94854,5.94416
1746000009992,5.94568,5.94457,5.94722,5.93994,5.94854,5.94416
1746000010018,5.66217,5.65944,5.66337,5.65887,5.6642,5.6585
1746000010022,5.62189,5.61858,5.62321,5.61985,5.62342,5.61711
1746000010028,5.5814,5.57709,5.58162,5.58277,5.58298,5.57748
1746000010053,5.29636,5.291,5.29702,5.31017,5.29998,5.29999
1746000010055,5.29636,5.291,5.29702,5.31017,5.29998,5.29999
1746000010082,5.01267,5.01097,5.01395,5.0235,5.01536,5.0062
1746000010087,4.97231,4.97051,4.97306,4.98116,4.97481,4.96577
1746000010091,4.93195,4.93017,4.93365,4.93938,4.93417,4.92495
1746000010118,4.64726,4.64289,4.648,4.64722,4.64962,4.65179
1746000010123,4.60681,4.60179,4.60693,4.60419,4.60902,4.61006
1746000010128,4.56609,4.56117,4.56691,4.5615,4.56851,4.56839
1746000010132,4.52542,4.52039,4.52554,4.51893,4.52767,4.52868
1746000010158,4.242,4.2386,4.2429,4.2318,4.24309,4.24837
1746000010160,4.242,4.2386,4.2429,4.2318,4.24309,4.24837
1746000010165,4.16058,4.15825,4.16173,4.15306,4.16255,4.16919
1746000010188,3.95731,3.95544,3.95992,3.94535,3.95908,3.96975
1746000010191,3.91677,3.9143,3.91841,3.90587,3.91847,3.9298
1746000010221,3.63349,3.62801,3.63403,3.62972,3.63482,3.63571
1746000010225,3.59291,3.58736,3.59371,3.59241,3.59523,3.59537
1746000010229,3.55241,3.54678,3.5522,3.55522,3.55492,3.55417
1746000010256,3.26811,3.26514,3.26987,3.27232,3.26991,3.27671
1746000010259,3.22758,3.22497,3.22924,3.2301,3.22917,3.23657
1746000010264,3.18682,3.18423,3.18804,3.18821,3.18891,3.19619
1746000010287,2.94407,2.94001,2.94464,2.94754,2.94531,2.95383
1746000010289,2.94407,2.94001,2.94464,2.94754,2.94531,2.95383
1746000010319,2.65942,2.65484,2.66057,2.64988,2.6597,2.66703
1746000010323,2.57799,2.57377,2.57878,2.56771,2.57878,2.58226
1746000010327,2.53776,2.53363,2.53911,2.52571,2.53805,2.54014
1746000010354,2.29458,2.29149,2.29627,2.28802,2.29546,2.29381
1746000010376,2.05077,2.04747,2.05213,2.04712,2.05244,2.04899
1746000010378,2.05077,2.04747,2.05213,2.04712,2.05244,2.04899
1746000010403,1.76731,1.76254,1.76719,1.77097,1.76885,1.7688
1746000010407,1.76731,1.76254,1.76719,1.77097,1.76885,1.7688
1746000010433,1.48288,1.47922,1.48438,1.49162,1.4849,1.48716
1746000010437,1.44226,1.43873,1.44322,1.44985,1.44472,1.44619
1746000010444,1.40154,1.39831,1.40237,1.40877,1.40379,1.40264
